model,term,variable,var_label,var_class,var_type,var_nlevels,contrasts,contrasts_type,reference_row,label,n_obs,n_event,estimate,std.error,statistic,p.value,conf.low,conf.high,or,or.ll,or.ul,model_name,outcome
0,vax1_az,vax1_az,vax1_az,numeric,continuous,NA,NA,NA,NA,vax1_az,24667500.92131951,155,0.09249928125951543,1.1049095868383703,0.08371660664488968,0.9332817533025562,-2.0730837151167214,2.258082277635752,1.0969123531647043,0.12579726005540234,9.56472907275898,Unadjusted,covidadmitted
0,timesincevax_pw1-7,timesincevax_pw,timesincevax_pw,factor,categorical,6,contr.treatment,treatment,TRUE,1-7,2464969.743559993,6,0,NA,NA,NA,NA,NA,NA,NA,NA,Unadjusted,covidadmitted
0,timesincevax_pw8-14,timesincevax_pw,timesincevax_pw,factor,categorical,6,contr.treatment,treatment,FALSE,8-14,2453560.624359993,84,3.430974296350242,0.4676144738675421,7.337185840235796,2.1813163454935746e-13,2.5144667689202134,4.347481823780271,30.906740409655058,12.360016276779382,77.28360394997034,Unadjusted,covidadmitted
0,timesincevax_pw15-21,timesincevax_pw,timesincevax_pw,factor,categorical,6,contr.treatment,treatment,FALSE,15-21,2441634.428799993,35,2.833486022733728,0.544821233794266,5.200762831875422,1.9847223276540478e-7,1.7656560264842904,3.9013160189831657,17.00463616958127,5.845405841558655,49.467506465338744,Unadjusted,covidadmitted
0,timesincevax_pw22-28,timesincevax_pw,timesincevax_pw,factor,categorical,6,contr.treatment,treatment,FALSE,22-28,2421602.345239993,12,2.091609352997339,0.6544256874358689,3.1960991036164184,0.001392992566553022,0.8089585750651695,3.3742601309295086,8.097937122411029,2.2455681778270544,29.202669634363296,Unadjusted,covidadmitted
0,timesincevax_pw29-35,timesincevax_pw,timesincevax_pw,factor,categorical,6,contr.treatment,treatment,FALSE,29-35,2370806.230199993,2,1.2965988238009107,0.8940376521661086,1.4502731743562047,0.14698235659490694,-0.45568277526740997,3.0488804228692317,3.6568379422961685,0.6340149304177353,21.091717394424958,Unadjusted,covidadmitted
0,timesincevax_pw36+,timesincevax_pw,timesincevax_pw,factor,categorical,6,contr.treatment,treatment,FALSE,36+,12514927.549160203,16,1.828185694940413,0.7459334069893565,2.4508698468394226,0.01425114730227644,0.3661830823760164,3.2901883075048097,6.222586740268361,1.442219263414487,26.847918844525594,Unadjusted,covidadmitted
0,"ns(tstop_calendar, 3)1","ns(tstop_calendar, 3)","ns(tstop_calendar, 3)",nmatrix.3,continuous,NA,NA,NA,NA,"ns(tstop_calendar, 3)1",16434415.621360308,25,-3.586165193899303,0.9055904252776665,-3.96002993604944,7.494036847194771e-5,-5.36108981218784,-1.8112405756107661,0.02770436785567527,0.004695785793410515,0.1634512373540617,Unadjusted,covidadmitted
0,"ns(tstop_calendar, 3)2","ns(tstop_calendar, 3)","ns(tstop_calendar, 3)",nmatrix.3,continuous,NA,NA,NA,NA,"ns(tstop_calendar, 3)2",24667500.92131951,155,-7.436477058326534,1.1612702607436165,-6.403743650134125,1.5161259296002133e-10,-9.71252494570146,-5.160429170951608,5.893578177590691e-4,6.052070950085655e-5,0.005739236043635872,Unadjusted,covidadmitted
0,"ns(tstop_calendar, 3)3","ns(tstop_calendar, 3)","ns(tstop_calendar, 3)",nmatrix.3,continuous,NA,NA,NA,NA,"ns(tstop_calendar, 3)3",5603246.27036002,8,-2.3268374683393453,0.6960352565414484,-3.342987939865635,8.288150183048511e-4,-3.691041503130681,-0.9626334335480098,0.09760393504036192,0.02494600716319351,0.3818858895149789,Unadjusted,covidadmitted
0,vax1_az:timesincevax_pw8-14,vax1_az:timesincevax_pw,vax1_az * timesincevax_pw,NA,interaction,NA,NA,NA,NA,vax1_az * 8-14,2453560.624359993,84,-2.156488918314415,1.3083838104221963,-1.6482081948251468,0.09930995578875947,-4.720874064697201,0.4078962280683709,0.11573074863754063,0.008907389510158707,1.5036511162928787,Unadjusted,covidadmitted
0,vax1_az:timesincevax_pw15-21,vax1_az:timesincevax_pw,vax1_az * timesincevax_pw,NA,interaction,NA,NA,NA,NA,vax1_az * 15-21,2441634.428799993,35,0.561204875089222,1.1655195199215949,0.48150620002226524,0.6301567742950884,-1.7231714072355175,2.8455811574139616,1.7527831132382368,0.17849915579105258,17.211558387701487,Unadjusted,covidadmitted
0,vax1_az:timesincevax_pw22-28,vax1_az:timesincevax_pw,vax1_az * timesincevax_pw,NA,interaction,NA,NA,NA,NA,vax1_az * 22-28,2421602.345239993,12,1.0331163316242233,1.2546788770637498,0.8234109543965257,0.41027433571561944,-1.426009079583884,3.4922417428323307,2.8098085001883737,0.2402658934350531,32.85952781252726,Unadjusted,covidadmitted
0,vax1_az:timesincevax_pw29-35,vax1_az:timesincevax_pw,vax1_az * timesincevax_pw,NA,interaction,NA,NA,NA,NA,vax1_az * 29-35,2370806.230199993,2,-11.820354056472532,1.3156556894471354,-8.984382579183524,2.601910352823644e-19,-14.398991823844131,-9.241716289100932,7.353353748674666e-6,5.579526003156137e-7,9.691111990975807e-5,Unadjusted,covidadmitted
0,vax1_az:timesincevax_pw36+,vax1_az:timesincevax_pw,vax1_az * timesincevax_pw,NA,interaction,NA,NA,NA,NA,vax1_az * 36+,12514927.549160203,16,0.8658389139631162,1.216533778368231,0.7117261594860842,0.4766343653826735,-1.5185234776150482,3.250201305541281,2.3769993477157754,0.21903505847543617,25.795532178127825,Unadjusted,covidadmitted
1,vax1_az,vax1_az,vax1_az,numeric,continuous,NA,NA,NA,NA,vax1_az,24667500.92131951,155,0.2722353350651622,1.1052213679325529,0.24631747355229888,0.8054364846304266,-1.893958741026733,2.438429411157057,1.31289593540868,0.15047493687899643,11.45503545616193,Adjusting for time,covidadmitted
1,timesincevax_pw1-7,timesincevax_pw,timesincevax_pw,factor,categorical,6,contr.treatment,treatment,TRUE,1-7,2464969.743559993,6,0,NA,NA,NA,NA,NA,NA,NA,NA,Adjusting for time,covidadmitted
1,timesincevax_pw8-14,timesincevax_pw,timesincevax_pw,factor,categorical,6,contr.treatment,treatment,FALSE,8-14,2453560.624359993,84,3.3980785151717607,0.4647842449996616,7.311087997774612,2.6498791557747526e-13,2.4871181343907836,4.309038895952738,29.906579763637946,12.02656718086151,74.36897825525381,Adjusting for time,covidadmitted
1,timesincevax_pw15-21,timesincevax_pw,timesincevax_pw,factor,categorical,6,contr.treatment,treatment,FALSE,15-21,2441634.428799993,35,2.727009598820324,0.5402467849332951,5.047710925585666,4.471350040935373e-7,1.6681453575875091,3.7858738400531387,15.287104025353345,5.302324755964525,44.07416750908986,Adjusting for time,covidadmitted
1,timesincevax_pw22-28,timesincevax_pw,timesincevax_pw,factor,categorical,6,contr.treatment,treatment,FALSE,22-28,2421602.345239993,12,1.9973556568617736,0.6393902508426793,3.123844403678934,0.001785048244674845,0.7441737931440915,3.2505375205794556,7.369542710555495,2.1047017973747937,25.80420648209784,Adjusting for time,covidadmitted
1,timesincevax_pw29-35,timesincevax_pw,timesincevax_pw,factor,categorical,6,contr.treatment,treatment,FALSE,29-35,2370806.230199993,2,1.2458232453905027,0.8920443941342513,1.396593323810528,0.1625358990584754,-0.5025516397234824,2.994198130504488,3.4757950540861247,0.6049849848291569,19.96934066292768,Adjusting for time,covidadmitted
1,timesincevax_pw36+,timesincevax_pw,timesincevax_pw,factor,categorical,6,contr.treatment,treatment,FALSE,36+,12514927.549160203,16,1.7559271123039673,0.7268853300059108,2.4156865461704786,0.015705575146854722,0.33125804460187047,3.180596180006064,5.788812133830308,1.3927191295969907,24.061094020068378,Adjusting for time,covidadmitted
1,"ns(tstop_calendar, 3)1","ns(tstop_calendar, 3)","ns(tstop_calendar, 3)",nmatrix.3,continuous,NA,NA,NA,NA,"ns(tstop_calendar, 3)1",16434415.621360308,25,-3.3439078019000914,1.2865183573001784,-2.5991916733449845,0.009344358088396067,-5.865437447658073,-0.8223781561421095,0.03529874733616733,0.002835782267805819,0.43938548373344316,Adjusting for time,covidadmitted
1,"ns(tstop_calendar, 3)2","ns(tstop_calendar, 3)","ns(tstop_calendar, 3)",nmatrix.3,continuous,NA,NA,NA,NA,"ns(tstop_calendar, 3)2",24667500.92131951,155,-7.540108753627845,2.629352022406758,-2.867668037361563,0.004135091519664001,-12.693544020222642,-2.386673487033047,5.313398335214537e-4,3.0708872849534717e-6,0.09193499874446996,Adjusting for time,covidadmitted
1,"ns(tstop_calendar, 3)3","ns(tstop_calendar, 3)","ns(tstop_calendar, 3)",nmatrix.3,continuous,NA,NA,NA,NA,"ns(tstop_calendar, 3)3",5603246.27036002,8,-3.412306634135929,1.678104460150991,-2.033429214429774,0.042009178300252144,-6.701330938327901,-0.1232823299439576,0.032965074246524964,0.0012292747245771566,0.8840140436896253,Adjusting for time,covidadmitted
1,regionNorth East and Yorkshire,region,region,factor,categorical,7,contr.treatment,treatment,TRUE,North East and Yorkshire,9856689.522760132,15,0,NA,NA,NA,NA,NA,NA,NA,NA,Adjusting for time,covidadmitted
1,regionEast of England,region,region,factor,categorical,7,contr.treatment,treatment,FALSE,East of England,7910166.058240081,40,1.4201719269680833,1.0754318119019688,1.320559714945032,0.18664821269900161,-0.6876356921884288,3.5279795461245955,4.1378317839731125,0.5027633522826661,34.05509131626582,Adjusting for time,covidadmitted
1,regionMidlands,region,region,factor,categorical,7,contr.treatment,treatment,FALSE,Midlands,4980920.155240004,38,1.379183581264693,1.1640716419869397,1.1847926979052437,0.23609942041320192,-0.9023549124541121,3.6607220749834983,3.9716577676891998,0.40561335023993184,38.88941380828601,Adjusting for time,covidadmitted
1,regionSouth West,region,region,factor,categorical,7,contr.treatment,treatment,FALSE,South West,290573.03896000003,24,1.4482195832108888,1.5356679948726617,0.9430551317382738,0.3456527040020803,-1.5616343789503677,4.458073545372145,4.255531147293049,0.20979290973360806,86.32105521857972,Adjusting for time,covidadmitted
1,regionNorth West,region,region,factor,categorical,7,contr.treatment,treatment,FALSE,North West,974095.8884800007,19,1.7249584347516875,1.1586843956235253,1.4887215546071386,0.1365607066258076,-0.5460212501189812,3.9959381196223562,5.612287748711123,0.579249922120231,54.37682867360867,Adjusting for time,covidadmitted
1,regionLondon,region,region,factor,categorical,7,contr.treatment,treatment,FALSE,London,261436.80820000006,3,5.043888744806165,2.5035100334258726,2.014726794565296,0.04393328309247807,0.1370992443567891,9.950678245255542,155.0718789837355,1.1469419703903414,20966.437947477203,Adjusting for time,covidadmitted
1,regionSouth East,region,region,factor,categorical,7,contr.treatment,treatment,FALSE,South East,393619.4494399998,16,3.581526017619535,1.323184588713221,2.7067470768402164,0.006794600080354963,0.9881318788431783,6.174920156395892,35.92832629361714,2.6862116134087892,480.54465397182395,Adjusting for time,covidadmitted
1,vax1_az:timesincevax_pw8-14,vax1_az:timesincevax_pw,vax1_az * timesincevax_pw,NA,interaction,NA,NA,NA,NA,vax1_az * 8-14,2453560.624359993,84,-2.0986847517554574,1.3059241623142899,-1.6070494844327554,0.10804351336053082,-4.658249076432105,0.46087957292118986,0.12261759481906295,0.009483051973131599,1.585467906514789,Adjusting for time,covidadmitted
1,vax1_az:timesincevax_pw15-21,vax1_az:timesincevax_pw,vax1_az * timesincevax_pw,NA,interaction,NA,NA,NA,NA,vax1_az * 15-21,2441634.428799993,35,0.6739133070810738,1.1748784174871583,0.5736025932985017,0.5662367564870796,-1.6288060774071695,2.976632691569317,1.9618998344871146,0.19616363857167354,19.621633186387978,Adjusting for time,covidadmitted
1,vax1_az:timesincevax_pw22-28,vax1_az:timesincevax_pw,vax1_az * timesincevax_pw,NA,interaction,NA,NA,NA,NA,vax1_az * 22-28,2421602.345239993,12,1.09752559987812,1.2591734295351154,0.8716238558840338,0.38341361200094576,-1.370408972300489,3.5654601720567287,2.996741704327363,0.25400305809283946,35.35571937552209,Adjusting for time,covidadmitted
1,vax1_az:timesincevax_pw29-35,vax1_az:timesincevax_pw,vax1_az * timesincevax_pw,NA,interaction,NA,NA,NA,NA,vax1_az * 29-35,2370806.230199993,2,-17.9381469980498,2.9193080087466137,-6.144657207908469,8.013638728969082e-10,-23.6598855549725,-12.216408441127097,1.620174315964143e-8,5.304473217884819e-11,4.948587175931854e-6,Adjusting for time,covidadmitted
1,vax1_az:timesincevax_pw36+,vax1_az:timesincevax_pw,vax1_az * timesincevax_pw,NA,interaction,NA,NA,NA,NA,vax1_az * 36+,12514927.549160203,16,0.7757610790393957,1.2160919756293405,0.6379131633015925,0.5235302085175303,-1.6077353950822721,3.1592575531610634,2.1722447481623406,0.20034079349146428,23.553102509399373,Adjusting for time,covidadmitted
1,"ns(tstop_calendar, 3)1:regionEast of England","ns(tstop_calendar, 3):region","ns(tstop_calendar, 3) * region",NA,interaction,NA,NA,NA,NA,"ns(tstop_calendar, 3)1 * East of England",5114017.597200007,5,-0.3710208230153432,1.6180703186372465,-0.22929833069790215,0.8186370508324773,-3.542380371997595,2.800338725966909,0.6900295729128062,0.028944346702906364,16.450217943472172,Adjusting for time,covidadmitted
1,"ns(tstop_calendar, 3)2:regionEast of England","ns(tstop_calendar, 3):region","ns(tstop_calendar, 3) * region",NA,interaction,NA,NA,NA,NA,"ns(tstop_calendar, 3)2 * East of England",7910166.058240081,40,-0.9856957855737764,2.8299799734761715,-0.34830486251215725,0.7276112424593253,-6.5323546105566885,4.560963039409136,0.3731794836831594,0.0014555745005415965,95.67557482644264,Adjusting for time,covidadmitted
1,"ns(tstop_calendar, 3)3:regionEast of England","ns(tstop_calendar, 3):region","ns(tstop_calendar, 3) * region",NA,interaction,NA,NA,NA,NA,"ns(tstop_calendar, 3)3 * East of England",1619535.5961199976,1,0.010067974552387253,2.271492679902399,0.00443231652977189,0.9964635346515378,-4.441975869202683,4.462111818307458,1.0101188271257056,0.011772654298976259,86.67034799472025,Adjusting for time,covidadmitted
1,"ns(tstop_calendar, 3)1:regionMidlands","ns(tstop_calendar, 3):region","ns(tstop_calendar, 3) * region",NA,interaction,NA,NA,NA,NA,"ns(tstop_calendar, 3)1 * Midlands",3415947.2685999875,9,1.0973965593446582,1.4552387726266982,0.7541006877956277,0.45078876444740323,-1.7548190239099422,3.9496121425992587,2.996355028128178,0.1729385372000987,51.915227224345294,Adjusting for time,covidadmitted
1,"ns(tstop_calendar, 3)2:regionMidlands","ns(tstop_calendar, 3):region","ns(tstop_calendar, 3) * region",NA,interaction,NA,NA,NA,NA,"ns(tstop_calendar, 3)2 * Midlands",4980920.155240004,38,0.6028670326705333,3.0891423029945617,0.19515676959462966,0.8452702211540463,-5.451740624317925,6.657474689658993,1.8273503704784306,0.004288832942969819,778.5822905415876,Adjusting for time,covidadmitted
1,"ns(tstop_calendar, 3)3:regionMidlands","ns(tstop_calendar, 3):region","ns(tstop_calendar, 3) * region",NA,interaction,NA,NA,NA,NA,"ns(tstop_calendar, 3)3 * Midlands",1249449.7738799998,2,-0.17264598517377824,2.2505636244851415,-0.07671233254437508,0.9388523935014232,-4.583669634080581,4.238377663733025,0.8414354427458068,0.010217333542395377,69.29534025399384,Adjusting for time,covidadmitted
1,"ns(tstop_calendar, 3)1:regionSouth West","ns(tstop_calendar, 3):region","ns(tstop_calendar, 3) * region",NA,interaction,NA,NA,NA,NA,"ns(tstop_calendar, 3)1 * South West",192094.99140000003,0,-23.208704003421918,16.317289639384256,-1.4223381772548909,0.1549281009959884,-55.19000402192362,8.772596015079785,8.328905204520542e-11,1.074696407357528e-24,6454.9077703217135,Adjusting for time,covidadmitted
1,"ns(tstop_calendar, 3)2:regionSouth West","ns(tstop_calendar, 3):region","ns(tstop_calendar, 3) * region",NA,interaction,NA,NA,NA,NA,"ns(tstop_calendar, 3)2 * South West",290573.03896000003,24,-81111.76553918108,8807.495334051755,-9.209402044822525,3.2794666794127647e-20,-98374.1391879271,-63849.39189043507,0,0,0,Adjusting for time,covidadmitted
1,"ns(tstop_calendar, 3)3:regionSouth West","ns(tstop_calendar, 3):region","ns(tstop_calendar, 3) * region",NA,interaction,NA,NA,NA,NA,"ns(tstop_calendar, 3)3 * South West",64798.11587999999,0,-131378.64355274182,14948.823606931814,-8.78856069261672,1.5148819105273342e-18,-160677.79943357033,-102079.48767191333,0,0,0,Adjusting for time,covidadmitted
1,"ns(tstop_calendar, 3)1:regionNorth West","ns(tstop_calendar, 3):region","ns(tstop_calendar, 3) * region",NA,interaction,NA,NA,NA,NA,"ns(tstop_calendar, 3)1 * North West",608232.4060399998,4,2.0690111115174554,1.8172933665685786,1.138512443604068,0.2549065658459944,-1.4928184363005044,5.630840659335416,7.916990225109067,0.22473835135877676,278.8964760376433,Adjusting for time,covidadmitted
1,"ns(tstop_calendar, 3)2:regionNorth West","ns(tstop_calendar, 3):region","ns(tstop_calendar, 3) * region",NA,interaction,NA,NA,NA,NA,"ns(tstop_calendar, 3)2 * North West",974095.8884800007,19,0.6055946110324153,3.360573905562859,0.18020571130126206,0.8569910748648882,-5.981009211255895,7.192198433320726,1.8323414154473388,0.002526275459651914,1329.021762031514,Adjusting for time,covidadmitted
1,"ns(tstop_calendar, 3)3:regionNorth West","ns(tstop_calendar, 3):region","ns(tstop_calendar, 3) * region",NA,interaction,NA,NA,NA,NA,"ns(tstop_calendar, 3)3 * North West",178794.58076000004,1,-1.7209387180316638,3.154010668963386,-0.5456350338210101,0.5853168373339166,-7.902686036054982,4.460808599991655,0.17889813416069456,3.697490461639523e-4,86.55747117732001,Adjusting for time,covidadmitted
1,"ns(tstop_calendar, 3)1:regionLondon","ns(tstop_calendar, 3):region","ns(tstop_calendar, 3) * region",NA,interaction,NA,NA,NA,NA,"ns(tstop_calendar, 3)1 * London",166425.82512000002,1,2.7207926853858786,2.949468744894279,0.922468729358718,0.35628413414915017,-3.0600598281334634,8.501645198905221,15.192360235089486,0.04688489010061444,4922.86126761559,Adjusting for time,covidadmitted
1,"ns(tstop_calendar, 3)2:regionLondon","ns(tstop_calendar, 3):region","ns(tstop_calendar, 3) * region",NA,interaction,NA,NA,NA,NA,"ns(tstop_calendar, 3)2 * London",261436.80820000006,3,-9.272022069826194,9.947223629768995,-0.9321216064830261,0.35127368301581985,-28.76822213033921,10.22417799068682,9.401821011524528e-5,3.20715444601554e-13,27561.578284002488,Adjusting for time,covidadmitted
1,"ns(tstop_calendar, 3)3:regionLondon","ns(tstop_calendar, 3):region","ns(tstop_calendar, 3) * region",NA,interaction,NA,NA,NA,NA,"ns(tstop_calendar, 3)3 * London",54037.765159999995,1,5.3489297547724926,2.9737364646454214,1.7987235312764278,0.07206242471462543,-0.4794866154459996,11.177346124990985,210.3830159159791,0.6191011472001426,71492.3782423463,Adjusting for time,covidadmitted
1,"ns(tstop_calendar, 3)1:regionSouth East","ns(tstop_calendar, 3):region","ns(tstop_calendar, 3) * region",NA,interaction,NA,NA,NA,NA,"ns(tstop_calendar, 3)1 * South East",259453.58156000005,2,-2.5994054533996347,1.6988423937128774,-1.5301039478527176,0.12599100122149315,-5.929075360486689,0.7302644536874188,0.07431775044768257,0.002660941263064491,2.0756294429600723,Adjusting for time,covidadmitted
1,"ns(tstop_calendar, 3)2:regionSouth East","ns(tstop_calendar, 3):region","ns(tstop_calendar, 3) * region",NA,interaction,NA,NA,NA,NA,"ns(tstop_calendar, 3)2 * South East",393619.4494399998,16,0.28109022447623805,3.4359950050794317,0.08180751836388073,0.9347997773271877,-6.453336236538966,7.015516685491443,1.3245731074589644,0.001575257959133208,1113.7819725531908,Adjusting for time,covidadmitted
1,"ns(tstop_calendar, 3)3:regionSouth East","ns(tstop_calendar, 3):region","ns(tstop_calendar, 3) * region",NA,interaction,NA,NA,NA,NA,"ns(tstop_calendar, 3)3 * South East",91116.38164,2,3.543427949594533,1.918296320525344,1.847174449369809,0.06472186119831805,-0.21636375031084398,7.30321964949991,34.58527279171538,0.8054422687056492,1485.0736552472897,Adjusting for time,covidadmitted
2,vax1_az,vax1_az,vax1_az,numeric,continuous,NA,NA,NA,NA,vax1_az,24667500.92131951,155,0.22357160695233905,1.1030586057860208,0.20268334409396654,0.8393825424594807,-1.9383835332252264,2.3855267471299046,1.250535184083772,0.14393643028580894,10.864784151768815,Adjusting for time + demographics,covidadmitted
2,timesincevax_pw1-7,timesincevax_pw,timesincevax_pw,factor,categorical,6,contr.treatment,treatment,TRUE,1-7,2464969.743559993,6,0,NA,NA,NA,NA,NA,NA,NA,NA,Adjusting for time + demographics,covidadmitted
2,timesincevax_pw8-14,timesincevax_pw,timesincevax_pw,factor,categorical,6,contr.treatment,treatment,FALSE,8-14,2453560.624359993,84,3.3843245972418012,0.46115830187942236,7.338748068611568,2.1560100305764777e-13,2.4804709343864837,4.288178260097119,29.498062913533957,11.946889294251465,72.83366357713675,Adjusting for time + demographics,covidadmitted
2,timesincevax_pw15-21,timesincevax_pw,timesincevax_pw,factor,categorical,6,contr.treatment,treatment,FALSE,15-21,2441634.428799993,35,2.7088285634513896,0.5363110114453554,5.050853899402719,4.3983939791142946e-7,1.6576782965062444,3.759978830396535,15.011679980276444,5.247114447771512,42.94751678723925,Adjusting for time + demographics,covidadmitted
2,timesincevax_pw22-28,timesincevax_pw,timesincevax_pw,factor,categorical,6,contr.treatment,treatment,FALSE,22-28,2421602.345239993,12,1.9725814538701016,0.6336472247311398,3.113059407317817,0.0018515874288084098,0.7306557144933101,3.2145071932468934,7.189211171841143,2.0764417143032645,24.891022424228254,Adjusting for time + demographics,covidadmitted
2,timesincevax_pw29-35,timesincevax_pw,timesincevax_pw,factor,categorical,6,contr.treatment,treatment,FALSE,29-35,2370806.230199993,2,1.2116026999060694,0.8853585688352454,1.3684881386532715,0.17115933227359117,-0.5236682084149376,2.9468736082270763,3.35886359134764,0.5923437176678004,19.046314308355583,Adjusting for time + demographics,covidadmitted
2,timesincevax_pw36+,timesincevax_pw,timesincevax_pw,factor,categorical,6,contr.treatment,treatment,FALSE,36+,12514927.549160203,16,1.729201554693204,0.7238787567743322,2.38879997307654,0.01690350268960173,0.3104252622418835,3.1479778471445243,5.636151952309915,1.3640050506566672,23.288923170947047,Adjusting for time + demographics,covidadmitted
2,"ns(tstop_calendar, 3)1","ns(tstop_calendar, 3)","ns(tstop_calendar, 3)",nmatrix.3,continuous,NA,NA,NA,NA,"ns(tstop_calendar, 3)1",16434415.621360308,25,-3.3458145444103007,1.3086661399617756,-2.55666013067934,0.010568241712185572,-5.910753046522434,-0.7808760422981673,0.035231505840545706,0.0027101452533021117,0.4580046041001029,Adjusting for time + demographics,covidadmitted
2,"ns(tstop_calendar, 3)2","ns(tstop_calendar, 3)","ns(tstop_calendar, 3)",nmatrix.3,continuous,NA,NA,NA,NA,"ns(tstop_calendar, 3)2",24667500.92131951,155,-6.9225693299727835,2.5683878917545226,-2.695297447942656,0.007032582071031873,-11.956517096140406,-1.8886215638051613,9.852951372245145e-4,6.4172742880489935e-6,0.15128019527640035,Adjusting for time + demographics,covidadmitted
2,"ns(tstop_calendar, 3)3","ns(tstop_calendar, 3)","ns(tstop_calendar, 3)",nmatrix.3,continuous,NA,NA,NA,NA,"ns(tstop_calendar, 3)3",5603246.27036002,8,-3.30723170854266,1.6017613524291072,-2.0647468510381826,0.03894695909271514,-6.446626271131878,-0.1678371459534418,0.036617401214509224,0.0015858634269158428,0.8454915151880199,Adjusting for time + demographics,covidadmitted
2,regionNorth East and Yorkshire,region,region,factor,categorical,7,contr.treatment,treatment,TRUE,North East and Yorkshire,9856689.522760132,15,0,NA,NA,NA,NA,NA,NA,NA,NA,Adjusting for time + demographics,covidadmitted
2,regionEast of England,region,region,factor,categorical,7,contr.treatment,treatment,FALSE,East of England,7910166.058240081,40,1.9854904782377698,1.0548958711861642,1.882167266429065,0.05981330854799458,-0.0820674367271157,4.053048393202655,7.282618475487054,0.9212098332254635,57.572694023257164,Adjusting for time + demographics,covidadmitted
2,regionMidlands,region,region,factor,categorical,7,contr.treatment,treatment,FALSE,Midlands,4980920.155240004,38,1.8840640768037704,1.144360300983799,1.6463906299301478,0.09968336097514195,-0.3588408984618914,4.126969052069432,6.580193003880393,0.6984854726245976,61.9897502028472,Adjusting for time + demographics,covidadmitted
2,regionSouth West,region,region,factor,categorical,7,contr.treatment,treatment,FALSE,South West,290573.03896000003,24,2.1740678892045753,1.5225476546087988,1.4279145106713766,0.153316466463427,-0.8100706785745992,5.15820645698375,8.793984333027701,0.4448266254000309,173.85236412049386,Adjusting for time + demographics,covidadmitted
2,regionNorth West,region,region,factor,categorical,7,contr.treatment,treatment,FALSE,North West,974095.8884800007,19,2.1221570587639036,1.13774773070375,1.865226360373622,0.062149682116013336,-0.10778751690762212,4.35210163443543,8.349127636747607,0.8978183473828866,77.64146555692389,Adjusting for time + demographics,covidadmitted
2,regionLondon,region,region,factor,categorical,7,contr.treatment,treatment,FALSE,London,261436.80820000006,3,5.037540468929675,2.497170978600797,2.017298980365488,0.043664321972646754,0.14317528763347287,9.931905650225879,154.09055805888843,1.1539320539582565,20576.51488356924,Adjusting for time + demographics,covidadmitted
2,regionSouth East,region,region,factor,categorical,7,contr.treatment,treatment,FALSE,South East,393619.4494399998,16,4.01346371951173,1.2861635630407882,3.1204924745519715,0.0018054891116367038,1.4926294577240742,6.534297981299385,55.33821504555113,4.448778026687479,688.3503798250495,Adjusting for time + demographics,covidadmitted
2,"poly(age, degree = 2, raw = TRUE)1","age, degree = 2","age, degree = 2",nmatrix.2,continuous,NA,NA,NA,NA,"age, degree = 2",24667500.92131951,155,0.12504117664345846,0.06447647593407246,1.9393301949584485,0.05246114441828843,-0.0013303940373870782,0.25141274732430396,1.1331951132773126,0.998670490544436,1.2858407021274088,Adjusting for time + demographics,covidadmitted
2,"poly(age, degree = 2, raw = TRUE)2","age, degree = 2","age, degree = 2",nmatrix.2,continuous,NA,NA,NA,NA,"age, degree = 2²",24667500.92131951,155,-8.581232869239626e-4,7.169740289178509e-4,-1.1968680207554412,0.23135800049679667,-0.0022633665614535292,5.471199876056041e-4,0.9991422447955696,0.9977391929212622,1.0005472696850457,Adjusting for time + demographics,covidadmitted
2,sexFemale,sex,sex,factor,dichotomous,2,contr.treatment,treatment,TRUE,Female,19990040.40551999,105,0,NA,NA,NA,NA,NA,NA,NA,NA,Adjusting for time + demographics,covidadmitted
2,sexMale,sex,sex,factor,dichotomous,2,contr.treatment,treatment,FALSE,Male,4677460.5157999955,50,0.47377410872296477,0.18388511006918645,2.5764680378128935,0.00998154332189266,0.11336591569417576,0.8341823017517538,1.606044154683596,1.1200416988098598,2.302930176201615,Adjusting for time + demographics,covidadmitted
2,imd_Q51 most deprived,imd_Q5,imd_Q5,factor,categorical,5,contr.treatment,treatment,TRUE,1 most deprived,4395110.253799988,36,0,NA,NA,NA,NA,NA,NA,NA,NA,Adjusting for time + demographics,covidadmitted
2,imd_Q52,imd_Q5,imd_Q5,factor,categorical,5,contr.treatment,treatment,FALSE,2,4852997.84224,27,-0.7293327914964494,0.2643733396471437,-2.7587229199051695,0.005802771275988784,-1.247495015677426,-0.21117056731547268,0.48223063115522297,0.28722338653684504,0.8096359576713423,Adjusting for time + demographics,covidadmitted
2,imd_Q53,imd_Q5,imd_Q5,factor,categorical,5,contr.treatment,treatment,FALSE,3,5200917.89368001,35,-0.5896784706264963,0.2493037056285411,-2.365301667457397,0.0180153897758193,-1.0783047548708122,-0.10105218638218028,0.5545055458956477,0.3401717115558726,0.9038858611220171,Adjusting for time + demographics,covidadmitted
2,imd_Q54,imd_Q5,imd_Q5,factor,categorical,5,contr.treatment,treatment,FALSE,4,5337503.525160013,29,-0.6843041867095317,0.25995239280059806,-2.63242118811517,0.008477868983320758,-1.193801514293713,-0.17480685912535043,0.5044411043136556,0.3030669580284767,0.8396191698907369,Adjusting for time + demographics,covidadmitted
2,imd_Q55 least deprived,imd_Q5,imd_Q5,factor,categorical,5,contr.treatment,treatment,FALSE,5 least deprived,4880971.406440001,28,-0.781919443068349,0.26307903911048247,-2.9721845028481146,0.0029568893415128873,-1.2975448848122988,-0.2662940013243992,0.45752697096815964,0.27320171200584326,0.7662138265034811,Adjusting for time + demographics,covidadmitted
2,ethnicity_combinedWhite,ethnicity_combined,ethnicity_combined,factor,categorical,5,contr.treatment,treatment,TRUE,White,21969788.926759787,106,0,NA,NA,NA,NA,NA,NA,NA,NA,Adjusting for time + demographics,covidadmitted
2,ethnicity_combinedBlack,ethnicity_combined,ethnicity_combined,factor,categorical,5,contr.treatment,treatment,FALSE,Black,471037.9829599997,11,1.4100349201542173,0.33819972991497826,4.169237274402002,3.0562069015322066e-5,0.7471756299396866,2.072894210368748,4.0960984379629215,2.1110292609289583,7.9477924460881795,Adjusting for time + demographics,covidadmitted
2,ethnicity_combinedSouth Asian,ethnicity_combined,ethnicity_combined,factor,categorical,5,contr.treatment,treatment,FALSE,South Asian,1634363.3538799975,30,1.4996931466293926,0.22286859388841126,6.729046567145653,1.707783981120034e-11,1.0628787293230229,1.9365075639357623,4.480314059914898,2.894692041353769,6.934490366748449,Adjusting for time + demographics,covidadmitted
2,ethnicity_combinedMixed,ethnicity_combined,ethnicity_combined,factor,categorical,5,contr.treatment,treatment,FALSE,Mixed,299704.47548,5,1.2715500988759447,0.4669461792991786,2.7231191842802205,0.0064668723258100354,0.3563524047309724,2.186747793020917,3.566376516141027,1.4281107325748834,8.906201154268883,Adjusting for time + demographics,covidadmitted
2,ethnicity_combinedOther,ethnicity_combined,ethnicity_combined,factor,categorical,5,contr.treatment,treatment,FALSE,Other,292606.18224,3,0.5727830302430739,0.5991408372466053,0.9560073268838415,0.3390685328054353,-0.6015114324274464,1.7470774929135942,1.7731950463143862,0.5479827709353037,5.737809360150656,Adjusting for time + demographics,covidadmitted
2,vax1_az:timesincevax_pw8-14,vax1_az:timesincevax_pw,vax1_az * timesincevax_pw,NA,interaction,NA,NA,NA,NA,vax1_az * 8-14,2453560.624359993,84,-2.093210126133757,1.3058852138518062,-1.6029051435230488,0.10895559794545503,-4.652698113226683,0.46627786095916957,0.12329072112136362,0.009535838417972911,1.5940498620421402,Adjusting for time + demographics,covidadmitted
2,vax1_az:timesincevax_pw15-21,vax1_az:timesincevax_pw,vax1_az * timesincevax_pw,NA,interaction,NA,NA,NA,NA,vax1_az * 15-21,2441634.428799993,35,0.6676851297813101,1.1733636777546865,0.569035110289908,0.5693323131100099,-1.6320654193853366,2.967435678947957,1.9497187468358854,0.1955253150123655,19.44200008844321,Adjusting for time + demographics,covidadmitted
2,vax1_az:timesincevax_pw22-28,vax1_az:timesincevax_pw,vax1_az * timesincevax_pw,NA,interaction,NA,NA,NA,NA,vax1_az * 22-28,2421602.345239993,12,1.0897808177451316,1.2577852315737486,0.8664283777458502,0.386255287477201,-1.3754329364257865,3.5549945719160494,2.973622235903368,0.25273015602578425,34.98763005138499,Adjusting for time + demographics,covidadmitted
2,vax1_az:timesincevax_pw29-35,vax1_az:timesincevax_pw,vax1_az * timesincevax_pw,NA,interaction,NA,NA,NA,NA,vax1_az * 29-35,2370806.230199993,2,-18.23386491462148,2.9180973583595495,-6.248545773288356,4.142918171275881e-10,-23.95323064038767,-12.514499188855293,1.2054052643116143e-8,3.955889110073066e-11,3.6730095581554754e-6,Adjusting for time + demographics,covidadmitted
2,vax1_az:timesincevax_pw36+,vax1_az:timesincevax_pw,vax1_az * timesincevax_pw,NA,interaction,NA,NA,NA,NA,vax1_az * 36+,12514927.549160203,16,0.75512230542409,1.215196583071016,0.6213992994580043,0.5343369328712053,-1.6266192315312367,3.136863842379417,2.127871757698672,0.19659308761397956,23.031522990789362,Adjusting for time + demographics,covidadmitted
2,"ns(tstop_calendar, 3)1:regionEast of England","ns(tstop_calendar, 3):region","ns(tstop_calendar, 3) * region",NA,interaction,NA,NA,NA,NA,"ns(tstop_calendar, 3)1 * East of England",5114017.597200007,5,-0.40720639245791374,1.6456999042542322,-0.24743660214432836,0.8045703502406102,-3.6327189341572232,2.818306149241396,0.6655068205375182,0.02644418657242829,16.7484572448048,Adjusting for time + demographics,covidadmitted
2,"ns(tstop_calendar, 3)2:regionEast of England","ns(tstop_calendar, 3):region","ns(tstop_calendar, 3) * region",NA,interaction,NA,NA,NA,NA,"ns(tstop_calendar, 3)2 * East of England",7910166.058240081,40,-1.6203843131705056,2.772893069167,-0.5843659574140313,0.5589741252038546,-7.055154861718558,3.814386235377546,0.19782265861974271,8.62949088956814e-4,45.34891428032052,Adjusting for time + demographics,covidadmitted
2,"ns(tstop_calendar, 3)3:regionEast of England","ns(tstop_calendar, 3):region","ns(tstop_calendar, 3) * region",NA,interaction,NA,NA,NA,NA,"ns(tstop_calendar, 3)3 * East of England",1619535.5961199976,1,-0.09085652763481707,2.211968773350994,-0.04107495943406792,0.9672361372285969,-4.426235658330007,4.244522603060372,0.913148713107076,0.011959424404521754,69.72246690516651,Adjusting for time + demographics,covidadmitted
2,"ns(tstop_calendar, 3)1:regionMidlands","ns(tstop_calendar, 3):region","ns(tstop_calendar, 3) * region",NA,interaction,NA,NA,NA,NA,"ns(tstop_calendar, 3)1 * Midlands",3415947.2685999875,9,1.0961378092813334,1.4880717388735167,0.736616240095467,0.4613557561181683,-1.8204292053226505,4.012704823885318,2.99258573884103,0.1619562235410044,55.29623504741286,Adjusting for time + demographics,covidadmitted
2,"ns(tstop_calendar, 3)2:regionMidlands","ns(tstop_calendar, 3):region","ns(tstop_calendar, 3) * region",NA,interaction,NA,NA,NA,NA,"ns(tstop_calendar, 3)2 * Midlands",4980920.155240004,38,0.1683431633045054,3.0297640078686645,0.05556312731529512,0.9556898392434531,-5.769885173773805,6.106571500382815,1.18334262074404,0.0031201157647148758,448.7973728107281,Adjusting for time + demographics,covidadmitted
2,"ns(tstop_calendar, 3)3:regionMidlands","ns(tstop_calendar, 3):region","ns(tstop_calendar, 3) * region",NA,interaction,NA,NA,NA,NA,"ns(tstop_calendar, 3)3 * Midlands",1249449.7738799998,2,-0.20294113191777208,2.1768160591526,-0.09322842463628914,0.9257220931285451,-4.469422208825279,4.063539944989735,0.816326295574661,0.011453931919747527,58.179900624146356,Adjusting for time + demographics,covidadmitted
2,"ns(tstop_calendar, 3)1:regionSouth West","ns(tstop_calendar, 3):region","ns(tstop_calendar, 3) * region",NA,interaction,NA,NA,NA,NA,"ns(tstop_calendar, 3)1 * South West",192094.99140000003,0,-23.39161703063684,15.879487682678652,-1.473071266408199,0.1407318202885531,-54.51484098163439,7.731606920360715,6.936650300038759e-11,2.111083346788925e-24,2279.261851893095,Adjusting for time + demographics,covidadmitted
2,"ns(tstop_calendar, 3)2:regionSouth West","ns(tstop_calendar, 3):region","ns(tstop_calendar, 3) * region",NA,interaction,NA,NA,NA,NA,"ns(tstop_calendar, 3)2 * South West",290573.03896000003,24,-81825.4527340898,9607.239619777143,-8.517061713090476,1.6365230345123642e-17,-100655.29637969928,-62995.60908848033,0,0,0,Adjusting for time + demographics,covidadmitted
2,"ns(tstop_calendar, 3)3:regionSouth West","ns(tstop_calendar, 3):region","ns(tstop_calendar, 3) * region",NA,interaction,NA,NA,NA,NA,"ns(tstop_calendar, 3)3 * South West",64798.11587999999,0,-132533.41822003573,15993.454875449272,-8.286728493133834,1.164059507327289e-16,-163880.01376428283,-101186.82267578863,0,0,0,Adjusting for time + demographics,covidadmitted
2,"ns(tstop_calendar, 3)1:regionNorth West","ns(tstop_calendar, 3):region","ns(tstop_calendar, 3) * region",NA,interaction,NA,NA,NA,NA,"ns(tstop_calendar, 3)1 * North West",608232.4060399998,4,2.121083446173464,1.8438569868920274,1.1503513891002601,0.24999917299499871,-1.4928098407774515,5.7349767331243795,8.340168718261987,0.22474028311075891,309.50576944319,Adjusting for time + demographics,covidadmitted
2,"ns(tstop_calendar, 3)2:regionNorth West","ns(tstop_calendar, 3):region","ns(tstop_calendar, 3) * region",NA,interaction,NA,NA,NA,NA,"ns(tstop_calendar, 3)2 * North West",974095.8884800007,19,0.5038733785505384,3.257099675366077,0.15470001804409203,0.8770578157680226,-5.879924679224073,6.8876714363251494,1.6551197762231362,0.0027949957883602215,980.1164942907112,Adjusting for time + demographics,covidadmitted
2,"ns(tstop_calendar, 3)3:regionNorth West","ns(tstop_calendar, 3):region","ns(tstop_calendar, 3) * region",NA,interaction,NA,NA,NA,NA,"ns(tstop_calendar, 3)3 * North West",178794.58076000004,1,-1.5777439447034518,2.985525765070989,-0.528464353971481,0.5971770815904368,-7.42926691915898,4.273779029752076,0.2064403139950987,5.936225257381692e-4,71.792429354664307,Adjusting for time + demographics,covidadmitted
2,"ns(tstop_calendar, 3)1:regionLondon","ns(tstop_calendar, 3):region","ns(tstop_calendar, 3) * region",NA,interaction,NA,NA,NA,NA,"ns(tstop_calendar, 3)1 * London",166425.82512000002,1,2.565369100897821,2.985060806033327,0.859402627816748,0.39011842043219846,-3.2852425705896025,8.415980772385245,13.005457810031535,0.037431504210028305,4518.705203495277,Adjusting for time + demographics,covidadmitted
2,"ns(tstop_calendar, 3)2:regionLondon","ns(tstop_calendar, 3):region","ns(tstop_calendar, 3) * region",NA,interaction,NA,NA,NA,NA,"ns(tstop_calendar, 3)2 * London",261436.80820000006,3,-9.687926240287165,9.962232413465372,-0.9724653911097835,0.33081907432018054,-29.213542976296832,9.837690495722502,6.202790209974695e-5,2.0545631219575223e-13,18726.417299021967,Adjusting for time + demographics,covidadmitted
2,"ns(tstop_calendar, 3)3:regionLondon","ns(tstop_calendar, 3):region","ns(tstop_calendar, 3) * region",NA,interaction,NA,NA,NA,NA,"ns(tstop_calendar, 3)3 * London",54037.765159999995,1,5.297345250078666,2.9650817594247494,1.786576452146937,0.07400597044308765,-0.5141082096104981,11.10879870976783,199.80567117655434,0.5980336775700367,66755.94992664605,Adjusting for time + demographics,covidadmitted
2,"ns(tstop_calendar, 3)1:regionSouth East","ns(tstop_calendar, 3):region","ns(tstop_calendar, 3) * region",NA,interaction,NA,NA,NA,NA,"ns(tstop_calendar, 3)1 * South East",259453.58156000005,2,-2.6746314328770717,1.7526974017699704,-1.526008671078123,0.12700770503709768,-6.109855216143142,0.7605923503889986,0.06893222986694034,0.002220872335984442,2.139543204459992,Adjusting for time + demographics,covidadmitted
2,"ns(tstop_calendar, 3)2:regionSouth East","ns(tstop_calendar, 3):region","ns(tstop_calendar, 3) * region",NA,interaction,NA,NA,NA,NA,"ns(tstop_calendar, 3)2 * South East",393619.4494399998,16,-0.17788318626690558,3.320358966206664,-0.053573480481276935,0.9572749856698543,-6.685667175776612,6.3299008032428015,0.8370401955680905,0.0012486813858509566,561.1009316993981,Adjusting for time + demographics,covidadmitted
2,"ns(tstop_calendar, 3)3:regionSouth East","ns(tstop_calendar, 3):region","ns(tstop_calendar, 3) * region",NA,interaction,NA,NA,NA,NA,"ns(tstop_calendar, 3)3 * South East",91116.38164,2,3.4980382715924825,1.8483823502690904,1.8924862981315704,0.05842621754428421,-0.12472456459443304,7.120801107779398,33.05055211460432,0.8827400069551089,1237.4413603933626,Adjusting for time + demographics,covidadmitted
3,vax1_az,vax1_az,vax1_az,numeric,continuous,NA,NA,NA,NA,vax1_az,24667500.92131951,155,0.2119139484171731,1.1031974786060375,0.19209067508470043,0.8476711791016203,-1.9503133774860568,2.374141274320403,1.2360415171730132,0.14222949308094354,10.741784977788583,Adjusting for time + demographics + clinical,covidadmitted
3,timesincevax_pw1-7,timesincevax_pw,timesincevax_pw,factor,categorical,6,contr.treatment,treatment,TRUE,1-7,2464969.743559993,6,0,NA,NA,NA,NA,NA,NA,NA,NA,Adjusting for time + demographics + clinical,covidadmitted
3,timesincevax_pw8-14,timesincevax_pw,timesincevax_pw,factor,categorical,6,contr.treatment,treatment,FALSE,8-14,2453560.624359993,84,3.3610702374520356,0.4595944395657804,7.3131220661145,2.610057065198405e-13,2.460281688408236,4.261858786495836,28.82001864310664,11.708109114134656,70.94172649845548,Adjusting for time + demographics + clinical,covidadmitted
3,timesincevax_pw15-21,timesincevax_pw,timesincevax_pw,factor,categorical,6,contr.treatment,treatment,FALSE,15-21,2441634.428799993,35,2.665631354697975,0.5333184440421431,4.998198326865544,5.786845083281562e-7,1.6203464120844344,3.710916297311515,14.377023682640862,5.054841071337061,40.89125791575918,Adjusting for time + demographics + clinical,covidadmitted
3,timesincevax_pw22-28,timesincevax_pw,timesincevax_pw,factor,categorical,6,contr.treatment,treatment,FALSE,22-28,2421602.345239993,12,1.9137885403085284,0.6301370385621083,3.0370989533888495,0.002388670268275242,0.678742639402069,3.148834441214988,6.7787216725807475,1.9713974157976566,23.308880871046213,Adjusting for time + demographics + clinical,covidadmitted
3,timesincevax_pw29-35,timesincevax_pw,timesincevax_pw,factor,categorical,6,contr.treatment,treatment,FALSE,29-35,2370806.230199993,2,1.1432351547303545,0.8836521833510586,1.2937614779549167,0.19574782256029624,-0.5886912994979041,2.875161608958613,3.136900325045497,0.5550532080348511,17.728288940278844,Adjusting for time + demographics + clinical,covidadmitted
3,timesincevax_pw36+,timesincevax_pw,timesincevax_pw,factor,categorical,6,contr.treatment,treatment,FALSE,36+,12514927.549160203,16,1.66502720406874,0.7161285212095969,2.3250396468728534,0.020069840314928644,0.26144109419600214,3.0686133139414777,5.285817043535065,1.2988004324348155,21.51205152076205,Adjusting for time + demographics + clinical,covidadmitted
3,"ns(tstop_calendar, 3)1","ns(tstop_calendar, 3)","ns(tstop_calendar, 3)",nmatrix.3,continuous,NA,NA,NA,NA,"ns(tstop_calendar, 3)1",16434415.621360308,25,-3.3273132120959645,1.3133573515631563,-2.5334408857846653,0.011294878953108682,-5.90144631999066,-0.7531801042012689,0.03588940285733743,0.002735485568825023,0.47086676388847426,Adjusting for time + demographics + clinical,covidadmitted
3,"ns(tstop_calendar, 3)2","ns(tstop_calendar, 3)","ns(tstop_calendar, 3)",nmatrix.3,continuous,NA,NA,NA,NA,"ns(tstop_calendar, 3)2",24667500.92131951,155,-6.659118471874269,2.5385353614428756,-2.6232128072816363,0.008710484682801386,-11.634556353783672,-1.6836805899648652,0.001282276234873379,8.854751469722874e-6,0.18568927068627353,Adjusting for time + demographics + clinical,covidadmitted
3,"ns(tstop_calendar, 3)3","ns(tstop_calendar, 3)","ns(tstop_calendar, 3)",nmatrix.3,continuous,NA,NA,NA,NA,"ns(tstop_calendar, 3)3",5603246.27036002,8,-3.1945329808677663,1.5830580692512168,-2.0179506001183984,0.04359640642443119,-6.297269782035665,-0.09179617969986742,0.040985661995450576,0.001841325139542588,0.9122910740373724,Adjusting for time + demographics + clinical,covidadmitted
3,regionNorth East and Yorkshire,region,region,factor,categorical,7,contr.treatment,treatment,TRUE,North East and Yorkshire,9856689.522760132,15,0,NA,NA,NA,NA,NA,NA,NA,NA,Adjusting for time + demographics + clinical,covidadmitted
3,regionEast of England,region,region,factor,categorical,7,contr.treatment,treatment,FALSE,East of England,7910166.058240081,40,2.1101948148312593,1.0472526015268968,2.014981688042207,0.043906567815611544,0.05761743312266576,4.162772196539853,8.249848320892879,1.0593096613922002,64.24938787803659,Adjusting for time + demographics + clinical,covidadmitted
3,regionMidlands,region,region,factor,categorical,7,contr.treatment,treatment,FALSE,Midlands,4980920.155240004,38,1.8838073109103426,1.1361192945887546,1.6581069610231656,0.09729587912986772,-0.34294558862466773,4.110560210445353,6.578503651638124,0.7096768250017836,60.980870122830034,Adjusting for time + demographics + clinical,covidadmitted
3,regionSouth West,region,region,factor,categorical,7,contr.treatment,treatment,FALSE,South West,290573.03896000003,24,2.2847756790241807,1.5147638727040884,1.508337847367261,0.13146808134686772,-0.6841069565582472,5.253658314606609,9.823482363690792,0.5045406051209307,191.26469657801732,Adjusting for time + demographics + clinical,covidadmitted
3,regionNorth West,region,region,factor,categorical,7,contr.treatment,treatment,FALSE,North West,974095.8884800007,19,2.144686821579941,1.1255478119244573,1.9054604334514798,0.05672024596737359,-0.06134635266985722,4.350719995829739,8.539366473176381,0.940497439559194,77.53426718246719,Adjusting for time + demographics + clinical,covidadmitted
3,regionLondon,region,region,factor,categorical,7,contr.treatment,treatment,FALSE,London,261436.80820000006,3,5.246543386733053,2.5089509018700014,2.0911303536560384,0.03651638041631553,0.3290899800885638,10.163996793377542,189.90869171582656,1.389702895551592,25951.81409253816,Adjusting for time + demographics + clinical,covidadmitted
3,regionSouth East,region,region,factor,categorical,7,contr.treatment,treatment,FALSE,South East,393619.4494399998,16,3.5821253258583985,1.2960315272827465,2.7639183541843813,0.005711182771803404,1.0419502095557753,6.122300442161022,35.949864889057665,2.8347399641125492,455.9122889235101,Adjusting for time + demographics + clinical,covidadmitted
3,"poly(age, degree = 2, raw = TRUE)1","age, degree = 2","age, degree = 2",nmatrix.2,continuous,NA,NA,NA,NA,"age, degree = 2",24667500.92131951,155,0.11687636643039041,0.06624812651772377,1.764221459140007,0.07769470119048584,-0.012967575587601046,0.2467203084483819,1.1239804593836513,0.9871161411622413,1.2798211075637187,Adjusting for time + demographics + clinical,covidadmitted
3,"poly(age, degree = 2, raw = TRUE)2","age, degree = 2","age, degree = 2",nmatrix.2,continuous,NA,NA,NA,NA,"age, degree = 2²",24667500.92131951,155,-8.115999800836951e-4,7.336677194440006e-4,-1.1062228289105513,0.26863008413615025,-0.0022495622868135725,6.263623266461824e-4,0.9991887292780988,0.9977529660821643,1.0006265585324914,Adjusting for time + demographics + clinical,covidadmitted
3,sexFemale,sex,sex,factor,dichotomous,2,contr.treatment,treatment,TRUE,Female,19990040.40551999,105,0,NA,NA,NA,NA,NA,NA,NA,NA,Adjusting for time + demographics + clinical,covidadmitted
3,sexMale,sex,sex,factor,dichotomous,2,contr.treatment,treatment,FALSE,Male,4677460.5157999955,50,0.5765276691841671,0.19209882181844382,3.0012035666155943,0.002689147252644081,0.20002089694744019,0.953034441420894,1.7798474692223736,1.2214282820160949,2.593567760252292,Adjusting for time + demographics + clinical,covidadmitted
3,imd_Q51 most deprived,imd_Q5,imd_Q5,factor,categorical,5,contr.treatment,treatment,TRUE,1 most deprived,4395110.253799988,36,0,NA,NA,NA,NA,NA,NA,NA,NA,Adjusting for time + demographics + clinical,covidadmitted
3,imd_Q52,imd_Q5,imd_Q5,factor,categorical,5,contr.treatment,treatment,FALSE,2,4852997.84224,27,-0.7384078367161452,0.2739730090140508,-2.6951846073212113,0.0070349642674946075,-1.2753850671197522,-0.20143060631253817,0.4778741638386707,0.27932338925719497,0.817560309116242,Adjusting for time + demographics + clinical,covidadmitted
3,imd_Q53,imd_Q5,imd_Q5,factor,categorical,5,contr.treatment,treatment,FALSE,3,5200917.89368001,35,-0.4625538020478995,0.2541308678562588,-1.8201401740363494,0.06873766099452876,-0.9606411504060743,0.03553354631027539,0.6296735288748866,0.3826474727275947,1.0361724073061147,Adjusting for time + demographics + clinical,covidadmitted
3,imd_Q54,imd_Q5,imd_Q5,factor,categorical,5,contr.treatment,treatment,FALSE,4,5337503.525160013,29,-0.5145066907271881,0.26318728720305806,-1.954907078510325,0.05059403892828973,-1.0303442948339812,0.0013309133796050032,0.5977954199161211,0.35688406607411194,1.0013317994378623,Adjusting for time + demographics + clinical,covidadmitted
3,imd_Q55 least deprived,imd_Q5,imd_Q5,factor,categorical,5,contr.treatment,treatment,FALSE,5 least deprived,4880971.406440001,28,-0.6327912807770522,0.26731448268168995,-2.367216599822468,0.01792244032658166,-1.1567180393791203,-0.10886452217498399,0.5311072605991509,0.31451672035341505,0.8968519128145986,Adjusting for time + demographics + clinical,covidadmitted
3,ethnicity_combinedWhite,ethnicity_combined,ethnicity_combined,factor,categorical,5,contr.treatment,treatment,TRUE,White,21969788.926759787,106,0,NA,NA,NA,NA,NA,NA,NA,NA,Adjusting for time + demographics + clinical,covidadmitted
3,ethnicity_combinedBlack,ethnicity_combined,ethnicity_combined,factor,categorical,5,contr.treatment,treatment,FALSE,Black,471037.9829599997,11,1.2469570579376519,0.34302449185922784,3.6351837478980498,2.777825732947686e-4,0.5746414080784125,1.9192727077968912,3.4797381890953223,1.776493376508802,6.8159994429275015,Adjusting for time + demographics + clinical,covidadmitted
3,ethnicity_combinedSouth Asian,ethnicity_combined,ethnicity_combined,factor,categorical,5,contr.treatment,treatment,FALSE,South Asian,1634363.3538799975,30,1.707332227521022,0.23407827168064357,7.293851818294184,3.0121672511695324e-13,1.2485472454635786,2.1661172095784655,5.514231123709398,3.485276027290763,8.724343394207926,Adjusting for time + demographics + clinical,covidadmitted
3,ethnicity_combinedMixed,ethnicity_combined,ethnicity_combined,factor,categorical,5,contr.treatment,treatment,FALSE,Mixed,299704.47548,5,1.2037527101122876,0.4842427114463931,2.4858457993446663,0.012924395386702271,0.2546544359013355,2.1528509843232397,3.332599766684354,1.290015760707082,8.60936861640906,Adjusting for time + demographics + clinical,covidadmitted
3,ethnicity_combinedOther,ethnicity_combined,ethnicity_combined,factor,categorical,5,contr.treatment,treatment,FALSE,Other,292606.18224,3,0.7573648021525927,0.6051325302920193,1.2515684816797248,0.21072714538960516,-0.428673163093358,1.9434027673985435,2.1326488574673665,0.651372787061026,6.98247031439272,Adjusting for time + demographics + clinical,covidadmitted
3,bmiNot obese,bmi,bmi,factor,categorical,4,contr.treatment,treatment,TRUE,Not obese,18968911.695560094,80,0,NA,NA,NA,NA,NA,NA,NA,NA,Adjusting for time + demographics + clinical,covidadmitted
3,bmiObese I (30-34.9),bmi,bmi,factor,categorical,4,contr.treatment,treatment,FALSE,Obese I (30-34.9),3108308.2245599893,30,0.8932646603500086,0.22317468171933602,4.002535831879784,6.266717322343386e-5,0.45585032191892055,1.3306789987810967,2.443092513457414,1.577514207795156,3.7836115832224033,Adjusting for time + demographics + clinical,covidadmitted
3,bmiObese II (35-39.9),bmi,bmi,factor,categorical,4,contr.treatment,treatment,FALSE,Obese II (35-39.9),1556039.880599998,22,1.1234407870081762,0.334361146680225,3.3599621192907563,7.795316011933478e-4,0.46810498168542114,1.778776592330931,3.0754178770714384,1.596965045969246,5.92260622264912,Adjusting for time + demographics + clinical,covidadmitted
3,bmiObese III (40+),bmi,bmi,factor,categorical,4,contr.treatment,treatment,FALSE,Obese III (40+),1034241.1206000008,23,1.6993779389200325,0.34554994942189105,4.917893756787147,8.748036673051042e-7,1.022112483193489,2.3766433946465764,5.470543320980749,2.7790592834639747,10.768695869425498,Adjusting for time + demographics + clinical,covidadmitted
3,prior_covid_infectionTRUE,prior_covid_infection,prior_covid_infection,logical,categorical,NA,contr.treatment,treatment,NA,prior_covid_infectionTRUE,3266433.622279988,13,-0.3217433102484586,0.29994323472322754,-1.072680670878765,0.28341441576103293,-0.9096212477124282,0.26613462721551107,0.7248842368054114,0.4026767098796504,1.304910723359216,Adjusting for time + demographics + clinical,covidadmitted
3,psychosis_schiz_bipolarTRUE,psychosis_schiz_bipolar,psychosis_schiz_bipolar,logical,categorical,NA,contr.treatment,treatment,NA,psychosis_schiz_bipolarTRUE,167099.25560000003,1,-0.35950168986713493,1.045166170408255,-0.34396606017845854,0.730871810507806,-2.407989741726967,1.6889863619926975,0.6980240718892089,0.08999602811088793,5.413990096723441,Adjusting for time + demographics + clinical,covidadmitted
3,multimorb0,multimorb,multimorb,factor,categorical,4,contr.treatment,treatment,TRUE,0,19730108.504520014,87,0,NA,NA,NA,NA,NA,NA,NA,NA,Adjusting for time + demographics + clinical,covidadmitted
3,multimorb1,multimorb,multimorb,factor,categorical,4,contr.treatment,treatment,FALSE,1,4138169.6141199833,47,0.0898608870364142,0.2624276537246728,0.3424215617561866,0.7320336642411486,-0.42448786281129297,0.6042096368841214,1.0940220804648921,0.6541046907011441,1.8298054265010295,Adjusting for time + demographics + clinical,covidadmitted
3,multimorb2,multimorb,multimorb,factor,categorical,4,contr.treatment,treatment,FALSE,2,708179.58076,21,0.7083686567404436,0.35966412003110004,1.9695282828856855,0.04889245804172447,0.00343993494819661,1.4132973785326906,2.0306758257567843,1.0034458583144712,4.109483611043698,Adjusting for time + demographics + clinical,covidadmitted
3,multimorb3+,multimorb,multimorb,factor,categorical,4,contr.treatment,treatment,FALSE,3+,91043.22192,0,-22.67024916582853,2.571210501571756,-8.816955730373078,1.176137164261592e-18,-27.70972914558034,-17.63076918607672,1.4270391368924583e-10,9.243097560930885e-13,2.2032015618124447e-8,Adjusting for time + demographics + clinical,covidadmitted
3,vax1_az:timesincevax_pw8-14,vax1_az:timesincevax_pw,vax1_az * timesincevax_pw,NA,interaction,NA,NA,NA,NA,vax1_az * 8-14,2453560.624359993,84,-2.093339738098455,1.3057344180085946,-1.6031895224842547,0.10889281798033376,-4.652532170769668,0.4658526945727579,0.1232747422043218,0.009537420949730665,1.5933722696774915,Adjusting for time + demographics + clinical,covidadmitted
3,vax1_az:timesincevax_pw15-21,vax1_az:timesincevax_pw,vax1_az * timesincevax_pw,NA,interaction,NA,NA,NA,NA,vax1_az * 15-21,2441634.428799993,35,0.6642044993767817,1.1719485439779205,0.5667522714967385,0.570882501757185,-1.6327724385540974,2.961181437307661,1.942944293009605,0.19538712372437508,19.320784572600004,Adjusting for time + demographics + clinical,covidadmitted
3,vax1_az:timesincevax_pw22-28,vax1_az:timesincevax_pw,vax1_az * timesincevax_pw,NA,interaction,NA,NA,NA,NA,vax1_az * 22-28,2421602.345239993,12,1.0816093823657915,1.2564104709753638,0.8608726267030611,0.3893081993291219,-1.3809098905449282,3.544128655276511,2.949422481978876,0.2513497482224854,34.60951538134154,Adjusting for time + demographics + clinical,covidadmitted
3,vax1_az:timesincevax_pw29-35,vax1_az:timesincevax_pw,vax1_az * timesincevax_pw,NA,interaction,NA,NA,NA,NA,vax1_az * 29-35,2370806.230199993,2,-18.398841845314028,2.97250061630648,-6.189684787408304,6.028464427131485e-10,-24.22483599729784,-12.572847693330214,1.022079112869575e-8,3.0150005893044575e-11,3.46482755814403e-6,Adjusting for time + demographics + clinical,covidadmitted
3,vax1_az:timesincevax_pw36+,vax1_az:timesincevax_pw,vax1_az * timesincevax_pw,NA,interaction,NA,NA,NA,NA,vax1_az * 36+,12514927.549160203,16,0.7470197619465075,1.2117488522334146,0.6164806845656595,0.5375773161980262,-1.6279643467387324,3.1220038706317474,2.1107002446767327,0.19632882503379412,22.691805556884322,Adjusting for time + demographics + clinical,covidadmitted
3,"ns(tstop_calendar, 3)1:regionEast of England","ns(tstop_calendar, 3):region","ns(tstop_calendar, 3) * region",NA,interaction,NA,NA,NA,NA,"ns(tstop_calendar, 3)1 * East of England",5114017.597200007,5,-0.3850772824705725,1.6517385073283015,-0.23313453113921626,0.8156569415961425,-3.622425268711991,2.852270703770846,0.6803980513302897,0.026717800008570578,17.327081874463932,Adjusting for time + demographics + clinical,covidadmitted
3,"ns(tstop_calendar, 3)2:regionEast of England","ns(tstop_calendar, 3):region","ns(tstop_calendar, 3) * region",NA,interaction,NA,NA,NA,NA,"ns(tstop_calendar, 3)2 * East of England",7910166.058240081,40,-1.826587103768557,2.750468371533386,-0.6641003847465567,0.5066260639217715,-7.217406052590525,3.5642318450534107,0.16096197793727574,7.337031399887123e-4,35.31231765190296,Adjusting for time + demographics + clinical,covidadmitted
3,"ns(tstop_calendar, 3)3:regionEast of England","ns(tstop_calendar, 3):region","ns(tstop_calendar, 3) * region",NA,interaction,NA,NA,NA,NA,"ns(tstop_calendar, 3)3 * East of England",1619535.5961199976,1,-0.09353813816979951,2.2095506540648233,-0.04233355682419911,0.9662327947776497,-4.424177842153773,4.237101565814173,0.9107032842073827,0.011984060040631555,69.20696901168098,Adjusting for time + demographics + clinical,covidadmitted
3,"ns(tstop_calendar, 3)1:regionMidlands","ns(tstop_calendar, 3):region","ns(tstop_calendar, 3) * region",NA,interaction,NA,NA,NA,NA,"ns(tstop_calendar, 3)1 * Midlands",3415947.2685999875,9,1.1244672745408855,1.4937918896019886,0.7527603291784458,0.45159394966210936,-1.803311029477044,4.052245578558815,3.0785763759826645,0.16475248380990107,57.526492369573525,Adjusting for time + demographics + clinical,covidadmitted
3,"ns(tstop_calendar, 3)2:regionMidlands","ns(tstop_calendar, 3):region","ns(tstop_calendar, 3) * region",NA,interaction,NA,NA,NA,NA,"ns(tstop_calendar, 3)2 * Midlands",4980920.155240004,38,0.14862209931678094,3.0124007270496747,0.049336762530375715,0.9606509229147995,-5.7555748327028535,6.052819031336416,1.1602344529602624,0.0031650866926994313,425.3103047512117,Adjusting for time + demographics + clinical,covidadmitted
3,"ns(tstop_calendar, 3)3:regionMidlands","ns(tstop_calendar, 3):region","ns(tstop_calendar, 3) * region",NA,interaction,NA,NA,NA,NA,"ns(tstop_calendar, 3)3 * Midlands",1249449.7738799998,2,-0.2500181878374847,2.170627297182394,-0.11518245815945626,0.9083005024896322,-4.504369514174496,4.004333138499526,0.7787866184981412,0.011060561516224386,54.835244690073004,Adjusting for time + demographics + clinical,covidadmitted
3,"ns(tstop_calendar, 3)1:regionSouth West","ns(tstop_calendar, 3):region","ns(tstop_calendar, 3) * region",NA,interaction,NA,NA,NA,NA,"ns(tstop_calendar, 3)1 * South West",192094.99140000003,0,-23.40107240130515,15.635025601897299,-1.4967082879906155,0.1344691787674427,-54.04515947838553,7.243014675775228,6.871370807508353e-11,3.376645474364882e-24,1398.3030535107885,Adjusting for time + demographics + clinical,covidadmitted
3,"ns(tstop_calendar, 3)2:regionSouth West","ns(tstop_calendar, 3):region","ns(tstop_calendar, 3) * region",NA,interaction,NA,NA,NA,NA,"ns(tstop_calendar, 3)2 * South West",290573.03896000003,24,-81919.05477798331,10384.867603204402,-7.888309982180803,3.063061651232887e-15,-102273.02126448073,-61565.088291485896,0,0,0,Adjusting for time + demographics + clinical,covidadmitted
3,"ns(tstop_calendar, 3)3:regionSouth West","ns(tstop_calendar, 3):region","ns(tstop_calendar, 3) * region",NA,interaction,NA,NA,NA,NA,"ns(tstop_calendar, 3)3 * South West",64798.11587999999,0,-132684.89722362955,16300.526012739072,-8.139915062859602,3.955552920961353e-16,-164633.34113765642,-100736.45330960269,0,0,0,Adjusting for time + demographics + clinical,covidadmitted
3,"ns(tstop_calendar, 3)1:regionNorth West","ns(tstop_calendar, 3):region","ns(tstop_calendar, 3) * region",NA,interaction,NA,NA,NA,NA,"ns(tstop_calendar, 3)1 * North West",608232.4060399998,4,2.0496591236657005,1.8502205669209921,1.107791773754088,0.2679517535996547,-1.5767065509547242,5.676024798286125,7.7652536639033185,0.20665458500881137,291.7872084095926,Adjusting for time + demographics + clinical,covidadmitted
3,"ns(tstop_calendar, 3)2:regionNorth West","ns(tstop_calendar, 3):region","ns(tstop_calendar, 3) * region",NA,interaction,NA,NA,NA,NA,"ns(tstop_calendar, 3)2 * North West",974095.8884800007,19,0.5357885633029278,3.1812088584664995,0.16842294459132257,0.8662505587542101,-5.699266226591187,6.770843353197043,1.70879520429232,0.0033484215389442073,872.0470276072629,Adjusting for time + demographics + clinical,covidadmitted
3,"ns(tstop_calendar, 3)3:regionNorth West","ns(tstop_calendar, 3):region","ns(tstop_calendar, 3) * region",NA,interaction,NA,NA,NA,NA,"ns(tstop_calendar, 3)3 * North West",178794.58076000004,1,-1.4936809668378739,2.895472997941109,-0.5158676899767289,0.6059468217521884,-7.168703761010665,4.181341827334917,0.2245445912418331,7.703206039477408e-4,65.45362177458055,Adjusting for time + demographics + clinical,covidadmitted
3,"ns(tstop_calendar, 3)1:regionLondon","ns(tstop_calendar, 3):region","ns(tstop_calendar, 3) * region",NA,interaction,NA,NA,NA,NA,"ns(tstop_calendar, 3)1 * London",166425.82512000002,1,2.7109058653761036,2.9879481357160795,0.907280093978746,0.36425869803282135,-3.1453648683010087,8.567176599053216,15.042896183506887,0.04305121315780127,5256.268267245345,Adjusting for time + demographics + clinical,covidadmitted
3,"ns(tstop_calendar, 3)2:regionLondon","ns(tstop_calendar, 3):region","ns(tstop_calendar, 3) * region",NA,interaction,NA,NA,NA,NA,"ns(tstop_calendar, 3)2 * London",261436.80820000006,3,-9.957476358899042,10.03606213615711,-0.9921696601523674,0.32111476997014293,-29.627796692373096,9.71284397457501,4.7372135588615896e-5,1.357723658027334e-13,16528.541849869023,Adjusting for time + demographics + clinical,covidadmitted
3,"ns(tstop_calendar, 3)3:regionLondon","ns(tstop_calendar, 3):region","ns(tstop_calendar, 3) * region",NA,interaction,NA,NA,NA,NA,"ns(tstop_calendar, 3)3 * London",54037.765159999995,1,5.480317455159163,2.972256602581249,1.8438237971781422,0.06520882342448409,-0.3451984387114644,11.30583334902979,239.92286003580762,0.7080798290766257,81294.4761367188,Adjusting for time + demographics + clinical,covidadmitted
3,"ns(tstop_calendar, 3)1:regionSouth East","ns(tstop_calendar, 3):region","ns(tstop_calendar, 3) * region",NA,interaction,NA,NA,NA,NA,"ns(tstop_calendar, 3)1 * South East",259453.58156000005,2,-2.6137790489975155,1.8099290585602972,-1.4441334242551134,0.14870144768081994,-6.161174818348183,0.9336167203531525,0.07325717753953476,0.002109773214926441,2.5436923850822653,Adjusting for time + demographics + clinical,covidadmitted
3,"ns(tstop_calendar, 3)2:regionSouth East","ns(tstop_calendar, 3):region","ns(tstop_calendar, 3) * region",NA,interaction,NA,NA,NA,NA,"ns(tstop_calendar, 3)2 * South East",393619.4494399998,16,1.1180515329175855,3.3047291007132293,0.3383186636012878,0.7351230605775948,-5.359098483141784,7.595201548976954,3.058888249884892,0.004705145964552266,1988.6306175783484,Adjusting for time + demographics + clinical,covidadmitted
3,"ns(tstop_calendar, 3)3:regionSouth East","ns(tstop_calendar, 3):region","ns(tstop_calendar, 3) * region",NA,interaction,NA,NA,NA,NA,"ns(tstop_calendar, 3)3 * South East",91116.38164,2,3.777863009242861,1.833279574126741,2.0607129772022894,0.03933043084011795,0.1847010703615215,7.371024948124201,43.72250723614657,1.2028588162281764,1589.2618595167341,Adjusting for time + demographics + clinical,covidadmitted
